id,oauth_id,name,password,email,type,secret,website,affiliation,country,bracket,hidden,banned,verified,team_id,created
1,,Herr Nicolai Schönland,,torben92@yahoo.de,admin,,,,,,True,False,False,,2019-05-21 08:12:53
2,,Adriana Peukert,,adlerdittmar@taesche.com,user,,,,,,True,False,False,,2019-05-21 08:12:53
3,,Dipl.-Ing. Holger Hamann B.A.,,schusteribrahim@yahoo.de,user,,,,,,False,False,False,,2019-11-20 16:02:49
4,,Dr. Tabea Trupp B.A.,,marie-thereswende@aol.de,user,,,,,,False,False,False,,2019-11-20 16:03:00
5,,Irmtraud Binner-Staude,,amelie32@eimer.net,user,,,,,,False,False,False,,2019-11-20 16:14:58
6,,Lene Weiß,,erdalmuehle@gmx.de,user,,,,,,False,False,False,,2019-11-20 16:15:02
7,,Esther Bauer,,fkreusel@web.de,user,,,,,,False,False,False,,2019-11-20 16:16:18
8,,Herr Bastian Renner,,bohnbachtoni@tlustek.de,user,,,,,,False,False,False,,2019-11-20 16:17:02
9,,Prof. Muzaffer Plath,,kuschhelma@weihmann.net,user,,,,,,False,False,False,,2019-11-20 16:23:59
10,,Tibor Holt,,dwieloch@loewer.de,user,,,,,,False,False,False,,2019-11-20 16:24:07
11,,Lilli Ruppert,,katharine27@bruder.net,user,,,,,,False,False,False,,2019-11-20 16:30:14
12,,Prof. Francis Herrmann B.A.,,annedoreseifert@gmail.com,user,,,,,,False,False,False,,2019-11-20 16:35:09
13,,Louise Graf,,sandorbeier@gmx.de,user,,,,,,False,False,False,,2019-11-20 16:35:09
14,,Dimitri Hendriks,,marekhartmann@googlemail.com,user,,,,,,False,False,False,,2019-11-20 16:39:03
15,,Annegrete Beyer,,ronnylosekann@seidel.com,user,,,,,,False,False,False,,2019-11-20 16:40:12
16,,Marco Ehlert,,handehans-helmut@aol.de,user,,,,,,False,False,False,,2019-11-20 16:40:12
17,,Hans-Gerhard Hecker,,bgeisel@hotmail.de,user,,,,,,False,False,False,,2019-11-20 16:42:18
18,,Sigfried Seifert MBA.,,retzold@hotmail.de,user,,,,,,False,False,False,,2019-11-20 16:46:08
19,,Johanne Grein Groth,,schinkebertold@web.de,user,,,,,,False,False,False,,2019-11-20 16:48:27
20,,Carolina Patberg,,bhuhn@yahoo.de,user,,,,,,False,False,False,,2019-11-20 16:50:36
21,,Ina Koch II,,hans-martinhertrampf@scholl.de,user,,,,,,False,False,False,,2019-11-20 16:51:57
22,,Univ.Prof. Leszek Striebitz B.A.,,ltrupp@jungfer.com,user,,,,,,False,False,False,,2019-11-20 16:53:12
23,,Leopold Gorlitz,,apieper@soeding.com,user,,,,,,False,False,False,,2019-11-20 17:07:19
24,,Hans Georg Wohlgemut,,rlangern@googlemail.com,user,,,,,,False,False,False,,2019-11-20 17:10:22
25,,Regina Mies-Wesack,,seipgitte@googlemail.com,user,,,,,,False,False,False,,2019-11-20 17:10:56
26,,Dr. Emilie Weinhold MBA.,,edithadler@meister.com,user,,,,,,False,False,False,,2019-11-20 17:16:53
27,,Angelo Hande-Nette,,eheinrich@ortmann.net,user,,,,,,False,False,False,,2019-11-20 17:20:12
28,,Eugenia Wohlgemut-Sölzer,,kreszenzschoenland@jacob.com,user,,,,,,False,False,False,,2019-11-20 17:22:03
29,,Dipl.-Ing. Goran Pieper B.Eng.,,jkambs@ziegert.com,user,,,,,,False,False,False,,2019-11-20 17:23:56
30,,Walfried Dussen van B.Sc.,,fliegnerbrita@gmx.de,user,,,,,,False,False,False,,2019-11-20 17:24:17
31,,Prof. Giorgio Geisel,,otmargumprich@googlemail.com,user,,,,,,False,False,False,,2019-11-20 17:35:26
32,,Prof. Rainer Weiß B.Eng.,,stollviola@werner.com,user,,,,,,False,False,False,,2019-11-20 17:36:55
33,,Ida Adler,,ehentschel@gmx.de,user,,,,,,False,False,False,,2019-11-20 17:41:24
34,,Nicole Bolzmann-Klemm,,heidrichheini@gmail.com,user,,,,,,False,False,False,,2019-11-20 17:53:03
35,,John Löchel,,doerschnerjanett@paffrath.com,user,,,,,,False,False,False,,2019-11-20 17:53:48
36,,Prof. Wigbert Karge,,weitzelclaas@gmx.de,user,,,,,,False,False,False,,2019-11-20 17:58:52
37,,Kai-Uwe Trupp,,ingriedziegert@aol.de,user,,,,,,False,False,False,,2019-11-20 18:06:09
38,,Johan Junitz,,dussen-vanandrew@aol.de,user,,,,,,False,False,False,,2019-11-20 18:08:35
39,,Franjo Hoffmann,,angelinaruppert@gmail.com,user,,,,,,False,False,False,,2019-11-20 18:21:53
40,,Mona Döhn,,irmengardroskoth@hotmail.de,user,,,,,,False,False,False,,2019-11-20 18:22:12
41,,Falk Trapp,,heringinsa@yahoo.de,user,,,,,,False,False,False,,2019-11-20 18:24:16
42,,Folkert Holt,,ehande@gmail.com,user,,,,,,False,False,False,,2019-11-20 18:26:43
43,,Dana Schlosser,,cschueler@kabus.de,user,,,,,,False,False,False,,2019-11-20 18:37:15
44,,Prof. Birte Schuchhardt,,zahnmahmoud@web.de,user,,,,,,False,False,False,,2019-11-20 18:40:27
45,,Mariele Gertz,,fpatberg@gmail.com,user,,,,,,False,False,False,,2019-11-20 18:44:37
46,,Birte Koch II,,ejaehn@gmail.com,user,,,,,,False,False,False,,2019-11-20 18:52:35
47,,Reginald Renner-Ortmann,,moniquehecker@loewer.net,user,,,,,,False,False,False,,2019-11-20 18:57:29
48,,Frau Roswitha Stey B.Sc.,,tatjana24@googlemail.com,user,,,,,,False,False,False,,2019-11-20 18:58:31
49,,Thea Lübs,,pschlosser@hotmail.de,user,,,,,,False,False,False,,2019-11-20 19:03:41
50,,Annamaria Rogner,,alfredo87@yahoo.de,user,,,,,,False,False,False,,2019-11-20 19:04:31
51,,Siegfried Söding B.Sc.,,bonbachothmar@schoenland.com,user,,,,,,False,False,False,,2019-11-20 19:14:26
52,,Dipl.-Ing. Sepp Klotz,,eholzapfel@aol.de,user,,,,,,False,False,False,,2019-11-20 19:26:38
53,,Frau Alice Karz,,srogge@rosemann.de,user,,,,,,False,False,False,,2019-11-20 19:33:40
54,,Henry Pechel,,nuran82@yahoo.de,user,,,,,,False,False,False,,2019-11-20 19:39:38
55,,Antje Junken-Spieß,,joernjockel@barth.com,user,,,,,,False,False,False,,2019-11-20 19:48:12
56,,Prof. Horst-Günter Röhricht,,danielahaering@aol.de,user,,,,,,False,False,False,,2019-11-20 19:49:06
57,,Philippe Riehl,,noackanni@scheibe.de,user,,,,,,False,False,False,,2019-11-20 19:53:51
58,,Otmar Budig,,annelies96@rogge.com,user,,,,,,False,False,False,,2019-11-20 20:00:05
59,,Kreszentia Loos,,sseifert@googlemail.com,user,,,,,,False,False,False,,2019-11-20 20:05:34
60,,Dipl.-Ing. Joana Oderwald,,oeigenwillig@haase.de,user,,,,,,False,False,False,,2019-11-20 20:15:03
61,,Herr Horst-Peter Ladeck,,traudel91@gmx.de,user,,,,,,False,False,False,,2019-11-20 20:15:29
62,,Zeynep Stadelmann,,ludger44@yahoo.de,user,,,,,,False,False,False,,2019-11-20 20:17:03
63,,Oscar Dörschner,,junkensvea@yahoo.de,user,,,,,,False,False,False,,2019-11-20 20:24:59
64,,Ing. Sophie Jacob B.Eng.,,jessikajuncken@otto.de,user,,,,,,False,False,False,,2019-11-20 20:31:06
65,,Marita Etzler,,wgorlitz@gmail.com,user,,,,,,False,False,False,,2019-11-20 20:33:18
66,,Albina Hettner,,tmeister@googlemail.com,user,,,,,,False,False,False,,2019-11-20 20:35:45
67,,Uta Beyer,,christophpatrick@stahr.com,user,,,,,,False,False,False,,2019-11-20 20:39:25
68,,Bartholomäus Wagenknecht,,jhornig@gmx.de,user,,,,,,False,False,False,,2019-11-20 20:51:00
69,,Michaela Beier B.Eng.,,grazynadoerschner@gmail.com,user,,,,,,False,False,False,,2019-11-20 20:51:11
70,,Univ.Prof. Ingetraut Jähn B.Sc.,,etzlerirmela@hotmail.de,user,,,,,,False,False,False,,2019-11-20 20:51:43
71,,Prof. Pero Kraushaar B.A.,,jeannine32@googlemail.com,user,,,,,,False,False,False,,2019-11-20 21:02:14
72,,Hans-Günther Hornig,,kordulajunitz@mende.com,user,,,,,,False,False,False,,2019-11-20 21:05:38
73,,Dusan Huhn MBA.,,doreenhering@stiffel.com,user,,,,,,False,False,False,,2019-11-20 21:05:52
74,,Ira Schäfer,,bauermona@googlemail.com,user,,,,,,False,False,False,,2019-11-20 21:16:54
75,,Dr. Ingeborg Hendriks B.Sc.,,rohlederann-kathrin@hotmail.de,user,,,,,,False,False,False,,2019-11-20 21:24:45
76,,Gilda Paffrath,,oehlert@preiss.com,user,,,,,,False,False,False,,2019-11-20 21:26:09
77,,Ahmed Ziegert B.Eng.,,egiess@yahoo.de,user,,,,,,False,False,False,,2019-11-20 21:26:40
78,,Dr. Tony Schottin MBA.,,janinehartmann@hotmail.de,user,,,,,,False,False,False,,2019-11-20 21:29:13
79,,Zbigniew Juncken,,zobelberend@web.de,user,,,,,,False,False,False,,2019-11-20 21:32:13
80,,Ernst-August Rose,,rohlederzoltan@web.de,user,,,,,,False,False,False,,2019-11-20 21:39:37
81,,Erik Becker,,rnette@reinhardt.net,user,,,,,,False,False,False,,2019-11-20 21:47:50
82,,Evangelos Ring,,claudio52@yahoo.de,user,,,,,,False,False,False,,2019-11-20 21:48:44
83,,Heinz-Otto Hauffer,,bruni62@hotmail.de,user,,,,,,False,False,False,,2019-11-20 21:51:32
84,,Kuno Mälzer,,frankapechel@yahoo.de,user,,,,,,False,False,False,,2019-11-20 22:00:20
85,,Prof. Hans-Werner Renner,,qseifert@googlemail.com,user,,,,,,False,False,False,,2019-11-20 22:03:06
86,,Nicolai Häring-Drub,,pieperdariusz@googlemail.com,user,,,,,,False,False,False,,2019-11-20 22:04:27
87,,Prof. Knut Speer B.Eng.,,stellawerner@gotthard.de,user,,,,,,False,False,False,,2019-11-20 22:08:58
88,,Dr. Raik Zahn B.Sc.,,segebahncatrin@yahoo.de,user,,,,,,False,False,False,,2019-11-20 22:09:42
89,,Klaus-D. Ullmann,,gabrielhenck@wesack.com,user,,,,,,False,False,False,,2019-11-20 22:10:57
90,,Yasmin Dussen van,,schaeferheike@sorgatz.de,user,,,,,,False,False,False,,2019-11-20 22:12:27
91,,Hans-Friedrich Roskoth,,mweihmann@schaefer.com,user,,,,,,False,False,False,,2019-11-20 22:19:13
92,,Andrzej Scheel,,loewerblanka@yahoo.de,user,,,,,,False,False,False,,2019-11-20 22:24:22
93,,Gerald Etzler,,josefzaenker@hertrampf.com,user,,,,,,False,False,False,,2019-11-20 22:25:54
94,,Jane Renner,,mwalter@gmail.com,user,,,,,,False,False,False,,2019-11-20 22:29:40
95,,Dipl.-Ing. Friedemann Eigenwillig,,wboerner@googlemail.com,user,,,,,,False,False,False,,2019-11-20 22:33:54
96,,Sigrid Bloch B.Eng.,,rstolze@gmail.com,user,,,,,,False,False,False,,2019-11-20 22:34:55
97,,Gertraut Nohlmans,,schmiedtlaura@web.de,user,,,,,,False,False,False,,2019-11-20 22:35:59
98,,Zbigniew Hertrampf,,carolinjacobi-jaeckel@aol.de,user,,,,,,False,False,False,,2019-11-20 22:38:28
99,,Gerfried Thies,,wiekmarek@gmail.com,user,,,,,,False,False,False,,2019-11-20 22:45:24
100,,Jobst Hoffmann B.Sc.,,benitakaester@wilms.de,user,,,,,,False,False,False,,2019-11-20 22:46:34
101,,Vitus Finke,,trude70@kallert.de,user,,,,,,False,False,False,,2019-11-20 22:49:38
102,,Britta Margraf,,sloechel@yahoo.de,user,,,,,,False,False,False,,2019-11-20 22:49:40
103,,Heinfried Kade,,fschaefer@hotmail.de,user,,,,,,False,False,False,,2019-11-20 22:50:18
104,,Paula Schmiedt,,faustrebekka@waehner.de,user,,,,,,False,False,False,,2019-11-20 22:50:55
105,,Vanessa Heuser,,zaenkerole@haenel.com,user,,,,,,False,False,False,,2019-11-20 22:53:49
106,,Uli Krein B.A.,,dzahn@web.de,user,,,,,,False,False,False,,2019-11-20 22:57:07
107,,Magda Kuhl-Oderwald,,xhentschel@stadelmann.com,user,,,,,,False,False,False,,2019-11-20 22:58:05
108,,Hans Peter Reinhardt-Hänel,,rognerroy@gmail.com,user,,,,,,False,False,False,,2019-11-20 23:00:10
109,,Univ.Prof. Marisa Schomber B.Sc.,,miroslav57@adolph.com,user,,,,,,False,False,False,,2019-11-20 23:02:29
110,,Ing. Iwan Koch,,eckartwagenknecht@spiess.com,user,,,,,,False,False,False,,2019-11-20 23:06:06
111,,Peggy Tlustek,,dowergjanett@steckel.com,user,,,,,,False,False,False,,2019-11-20 23:08:34
112,,Serpil Neuschäfer,,gudeimelda@rosemann.com,user,,,,,,False,False,False,,2019-11-20 23:09:19
113,,Herr Götz van der Dussen,,qradisch@yahoo.de,user,,,,,,False,False,False,,2019-11-20 23:12:08
114,,Alexandre Putz,,paul86@heydrich.com,user,,,,,,False,False,False,,2019-11-20 23:12:44
115,,Emin Mosemann B.A.,,anastasiosgorlitz@speer.org,user,,,,,,False,False,False,,2019-11-20 23:27:05
116,,Prof. Juliane Mans B.Eng.,,zschoenland@kuhl.net,user,,,,,,False,False,False,,2019-11-20 23:39:36
117,,Siegrid Krebs MBA.,,bruderute@weiss.net,user,,,,,,False,False,False,,2019-11-20 23:42:41
118,,Hartmut Killer,,nathalie09@gmail.com,user,,,,,,False,False,False,,2019-11-20 23:43:30
119,,Margitta Aumann,,arenner@junken.com,user,,,,,,False,False,False,,2019-11-20 23:43:44
120,,Constance Mende-Berger,,mudeingried@wernecke.com,user,,,,,,False,False,False,,2019-11-20 23:48:06
121,,Cilly Ebert,,ksoelzer@gmail.com,user,,,,,,False,False,False,,2019-11-21 00:05:22
122,,Gertraude Wende,,xlindau@heintze.com,user,,,,,,False,False,False,,2019-11-21 00:07:30
123,,Marten Ditschlerin MBA.,,eckarddoerr@aol.de,user,,,,,,False,False,False,,2019-11-21 00:07:59
124,,Centa Mohaupt B.Eng.,,susekensy@web.de,user,,,,,,False,False,False,,2019-11-21 00:11:26
125,,Dr. Hans-Heinrich Steinberg B.Eng.,,juettnerjasmina@web.de,user,,,,,,False,False,False,,2019-11-21 00:20:56
126,,Klaus Dieter Becker,,josefa13@hotmail.de,user,,,,,,False,False,False,,2019-11-21 00:26:48
127,,Prof. Michaela Riehl MBA.,,tloewer@yahoo.de,user,,,,,,False,False,False,,2019-11-21 00:26:59
128,,Susi Schacht,,ilhan77@googlemail.com,user,,,,,,False,False,False,,2019-11-21 00:29:04
129,,Abram Ortmann,,ghoevel@johann.de,user,,,,,,False,False,False,,2019-11-21 00:30:16
130,,Thilo Hiller-Fritsch,,karina21@gmx.de,user,,,,,,False,False,False,,2019-11-21 00:36:29
131,,Igor Barkholz,,schenkconrad@seip.de,user,,,,,,False,False,False,,2019-11-21 00:37:31
132,,Gereon Seip B.Sc.,,martha63@harloff.de,user,,,,,,False,False,False,,2019-11-21 00:42:21
133,,Jutta Koch II B.Sc.,,hans-juergenkusch@trub.com,user,,,,,,False,False,False,,2019-11-21 00:46:32
134,,Iwan auch Schlauchin,,espiess@gmail.com,user,,,,,,False,False,False,,2019-11-21 01:03:14
135,,Rose-Marie Gertz,,heinzlinke@web.de,user,,,,,,False,False,False,,2019-11-21 01:06:04
136,,Dipl.-Ing. Bernhardine Scholl B.A.,,heinzmohammed@hotmail.de,user,,,,,,False,False,False,,2019-11-21 01:07:17
137,,Klaus Peter Jäntsch MBA.,,johannes22@yahoo.de,user,,,,,,False,False,False,,2019-11-21 01:08:53
